{
    "US": [
        269.46234703063965,
        278.7315050760905,
        271.187702814738,
        268.98193359375,
        272.5418408711751,
        270.309050877889,
        250.66129366556802,
        246.25015258789062,
        245.10860443115234,
        246.45034472147623,
        249.00134404500326,
        245.00131607055664,
        244.92740631103516,
        192.508,
        191.1325454711914,
        190.68082173665366,
        270.6133524576823,
        345.57946523030597,
        267.84801483154297,
        270.19516626993817,
        259.74543889363605,
        211.72515551249185,
        274.2179234822591,
        270.77730496724445,
        201.5519142150879,
        212.42856979370117,
        203.7065029144287,
        201.54388745625815,
        201.29632949829102,
        205.34253120422363,
        279.2224884033203,
        271.4223066965739,
        264.189,
        372.4426031112671,
        269.4965998331706,
        267.3075199127197,
        267.1035925547282,
        265.05406697591144,
        279.748,
        290.3138001759847,
        273.5878626505534,
        273.47517013549805,
        271.6076374053955,
        283.3888530731201,
        281.6208203633626,
        206.673,
        292.06156730651855
    ],
    "US, Arizona": [
        201.5519142150879,
        212.42856979370117,
        203.7065029144287,
        201.54388745625815,
        201.29632949829102,
        205.34253120422363
    ],
    "US, Arizona, Yuma": [
        201.5519142150879,
        212.42856979370117,
        203.7065029144287,
        201.54388745625815,
        201.29632949829102,
        205.34253120422363
    ],
    "US, California": [
        192.508,
        191.1325454711914,
        190.68082173665366,
        211.72515551249185
    ],
    "US, California, Berkeley": [
        211.72515551249185
    ],
    "US, California, Los Angeles": [
        192.508
    ],
    "US, California, Norwalk": [
        191.1325454711914,
        190.68082173665366
    ],
    "US, Connecticut": [
        279.2224884033203,
        265.05406697591144
    ],
    "US, Connecticut, Hartford": [
        279.2224884033203
    ],
    "US, Connecticut, New Haven": [
        265.05406697591144
    ],
    "US, Delaware": [
        259.74543889363605
    ],
    "US, Delaware, Wilmington": [
        259.74543889363605
    ],
    "US, Florida": [
        270.6133524576823,
        345.57946523030597,
        267.84801483154297,
        270.19516626993817,
        206.673
    ],
    "US, Florida, Fort Lauderdale": [
        206.673
    ],
    "US, Florida, Miami": [
        270.6133524576823,
        345.57946523030597,
        267.84801483154297,
        270.19516626993817
    ],
    "US, Georgia": [
        271.4223066965739,
        372.4426031112671,
        269.4965998331706,
        267.3075199127197,
        267.1035925547282
    ],
    "US, Georgia, Atlanta": [
        271.4223066965739,
        372.4426031112671,
        269.4965998331706,
        267.3075199127197,
        267.1035925547282
    ],
    "US, Hawaii": [
        250.66129366556802,
        246.25015258789062,
        245.10860443115234,
        246.45034472147623,
        249.00134404500326,
        245.00131607055664,
        244.92740631103516
    ],
    "US, Hawaii, Hilo": [
        250.66129366556802,
        246.25015258789062,
        245.10860443115234,
        246.45034472147623,
        249.00134404500326,
        245.00131607055664,
        244.92740631103516
    ],
    "US, Massachusetts": [
        283.3888530731201,
        281.6208203633626
    ],
    "US, Massachusetts, Westminster": [
        283.3888530731201,
        281.6208203633626
    ],
    "US, Minnesota": [
        279.748
    ],
    "US, Minnesota, Duluth": [
        279.748
    ],
    "US, Oklahoma": [
        264.189
    ],
    "US, Oklahoma, Muskogee": [
        264.189
    ],
    "US, Tennessee": [
        274.2179234822591,
        270.77730496724445,
        290.3138001759847,
        273.5878626505534,
        273.47517013549805,
        271.6076374053955
    ],
    "US, Tennessee, Franklin": [
        270.77730496724445
    ],
    "US, Tennessee, Nashville": [
        274.2179234822591,
        290.3138001759847,
        273.5878626505534,
        273.47517013549805,
        271.6076374053955
    ],
    "US, Wisconsin": [
        269.46234703063965,
        278.7315050760905,
        271.187702814738,
        268.98193359375,
        272.5418408711751,
        270.309050877889,
        292.06156730651855
    ],
    "US, Wisconsin, Eau Claire": [
        269.46234703063965,
        278.7315050760905,
        271.187702814738,
        268.98193359375,
        272.5418408711751,
        270.309050877889
    ],
    "US, Wisconsin, Onalaska": [
        292.06156730651855
    ]
}